"type","url","status","indexable","in_sitemap","title","h1","words_approx","products","recommendation"
"page","https://medhub.ae/","200","yes","yes","Medical Equipment Supplier in Dubai | MedHub","Medical Equipment Supplier in Dubai","1048","","KEEP – homepage"
"page","https://medhub.ae/portable-oxygen-machine-in-dubai/","200","yes","yes","Best Portable Oxygen Machine in Dubai | Home & Travel","(none)","759","","KEEP"
"page","https://medhub.ae/oxygen-machine-in-dubai/","200","yes","yes","Best Oxygen Machine in Dubai | Home & Medical Use","(none)","704","","KEEP"
"page","https://medhub.ae/cpap-in-dubai/","200","yes","yes","Best CPAP in Dubai | Sleep Apnea Treatment","(none)","693","","KEEP"
"page","https://medhub.ae/bipap-in-dubai/","200","yes","yes","Best BiPAP in Dubai | Advanced Breathing Care","(none)","691","","KEEP"
"page","https://medhub.ae/oxygen-concentrator-in-dubai/","200","yes","yes","Best Oxygen Concentrator in Dubai | Home & Medical Use","(none)","726","","KEEP"
"page","https://medhub.ae/medical-equipment/","200","yes","yes","Trusted Medical Equipment | Certified Devices & Support","(none)","807","","KEEP URL – rebuild as About + ""Medical Equipment Suppliers in Dubai"""
"page","https://medhub.ae/compact-525-oxygen-concentrator/","200","yes","yes","Compact 525 Oxygen Concentrator - Medical Equipment Suppliers in Dubai | Buy Medical Supplies UAE","(none)","567","","301 → matching product or /product-category/buy-oxygen-concentrator/ (legacy 2024 page)"
"page","https://medhub.ae/%e2%81%a0sleep-apnea-machine-in-dubai/","200","yes","yes","Best Sleep Apnea Machine in Dubai for Home Use","(none)","966","","301 → /sleep-apnea-machine-in-dubai/ (slug has invisible U+2060 char)"
"page","https://medhub.ae/devilbiss-service-centre-in-dubai/","200","yes","yes","Authorized Devilbiss Service Centre in Dubai UAE Support Hub","(none)","326","","KEEP"
"page","https://medhub.ae/yith-compare/","200","yes","yes","Compare - Medical Equipment Suppliers in Dubai | Buy Medical Supplies UAE","(none)","1","","noindex, drop from sitemap"
"page","https://medhub.ae/payment-confirmation/","200","yes","yes","Payment Confirmation - Medical Equipment Suppliers in Dubai | Buy Medical Supplies UAE","(none)","256","","noindex, drop from sitemap"
"page","https://medhub.ae/refund-policy/","200","yes","yes","Refund and Return Policy - Medical Equipment Suppliers in Dubai | Buy Medical Supplies UAE","(none)","298","","KEEP"
"page","https://medhub.ae/cancellation-policy/","200","yes","yes","Cancellation Policy - Medical Equipment Suppliers in Dubai | Buy Medical Supplies UAE","(none)","269","","KEEP"
"page","https://medhub.ae/delivery-policy/","200","yes","yes","Delivery Policy - Medical Equipment Suppliers in Dubai | Buy Medical Supplies UAE","(none)","273","","KEEP"
"page","https://medhub.ae/privacy-policy/","200","yes","yes","Privacy Policy - Medical Equipment Suppliers in Dubai | Buy Medical Supplies UAE","(none)","472","","KEEP"
"page","https://medhub.ae/terms-conditions/","200","yes","yes","Terms & Conditions - Medical Equipment Suppliers in Dubai | Buy Medical Supplies UAE","(none)","484","","KEEP"
"page","https://medhub.ae/cookie-policy/","200","yes","yes","Cookie Policy - Medical Equipment Suppliers in Dubai | Buy Medical Supplies UAE","(none)","64","","KEEP"
"page","https://medhub.ae/multiple-shipments-policy-if-applicable/","200","yes","yes","Multiple Shipments Policy (if applicable) - Medical Equipment Suppliers in Dubai | Buy Medical Supplies UAE","(none)","22","","merge into /delivery-policy/ + 301"
"page","https://medhub.ae/device-on-rent/","200","yes","yes","Elementor #4307 - Medical Equipment Suppliers in Dubai | Buy Medical Supplies UAE","(none)","18","","301 → /product-category/medical-equipment-rental/ (thin Elementor stub)"
"page","https://medhub.ae/vacuaide-portable-suction-unit/","200","yes","yes","VacuAide Portable Suction Unit - Medical Equipment Suppliers in Dubai | Buy Medical Supplies UAE","(none)","429","","301 → matching rental product or /product-category/suction-machine/ (legacy)"
"page","https://medhub.ae/inogen-portable-oxygen-concentrator/","200","yes","yes","Inogen Portable Oxygen Concentrator - Medical Equipment Suppliers in Dubai | Buy Medical Supplies UAE","(none)","381","","301 → /brand/inogen/ (legacy duplicate)"
"page","https://medhub.ae/devilbiss-blue-cpap/","200","yes","yes","DeVilbiss BLUE CPAP - Medical Equipment Suppliers in Dubai | Buy Medical Supplies UAE","(none)","430","","301 → /product-category/cpap/ (legacy)"
"page","https://medhub.ae/contact-us-medhub/","200","yes","yes","Contact Us - Medical Equipment Suppliers in Dubai | Buy Medical Supplies UAE","(none)","59","","KEEP – fix broken contact form"
"page","https://medhub.ae/return-policy/","200","yes","yes","Return Policy - Medical Equipment Suppliers in Dubai | Buy Medical Supplies UAE","(none)","194","","301 → /refund-policy/ (duplicate)"
"page","https://medhub.ae/terms-and-conditions/","200","yes","yes","Terms and Conditions - Medical Equipment Suppliers in Dubai | Buy Medical Supplies UAE","(none)","807","","301 → /terms-conditions/ (duplicate)"
"page","https://medhub.ae/checkout/","302 → https://medhub.ae/shopping-cart/","yes","yes","","(none)","0","","KEEP – WooCommerce"
"page","https://medhub.ae/shop/","200","yes","yes","Shop - Medical Equipment Suppliers in Dubai | Buy Medical Supplies UAE","(none)","552","","KEEP – shop archive"
"page","https://medhub.ae/my-account/","200","no","yes","My account - Medical Equipment Suppliers in Dubai | Buy Medical Supplies UAE","Login/Register","79","","KEEP – WooCommerce"
"page","https://medhub.ae/order-tracking/","200","yes","yes","Order Tracking - Medical Equipment Suppliers in Dubai | Buy Medical Supplies UAE","(none)","43","","KEEP functional, noindex"
"page","https://medhub.ae/shopping-cart/","200","no","yes","Shopping Cart - Medical Equipment Suppliers in Dubai | Buy Medical Supplies UAE","(none)","172","","KEEP – WooCommerce"
"page","https://medhub.ae/compare/","200","yes","yes","Compare - Medical Equipment Suppliers in Dubai | Buy Medical Supplies UAE","(none)","134","","noindex, drop from sitemap"
"post","https://medhub.ae/enteral-feeding-pumps-in-dubai-medhub-uae-supplier/","200","yes","yes","Feeding Pumps in Dubai | Enteral Feeding | MedHub","Enteral Feeding Pumps in Dubai | MedHub UAE Supplier","1828","","KEEP URL – blog article"
"post","https://medhub.ae/oxygen-concentrator-in-dubai-how-it-works/","200","yes","yes","Oxygen Concentrator in Dubai: How It Works in 8 Simple Steps","How Does an Oxygen Concentrator Work? Pressure Swing Adsorption Explained / Oxygen Concentrator Working Principle: Pressure Swing Adsorption Explained","2851","","KEEP URL – blog article"
"post","https://medhub.ae/bipap-in-dubai-modes-explained/","200","yes","yes","BiPAP in Dubai: 4 Modes Made Easy, Quick Guide","BiPAP Modes Explained: What ST, S, T, and AVAPS Mean on Your Machine / BiPAP in Dubai: Modes Explained, What ST, S, T, and AVAPS Mean on Your Machine","1823","","KEEP URL – blog article"
"post","https://medhub.ae/pulse-oximeter-dubai/","200","yes","yes","Pulse Oximeter in Dubai: Complete Home Guide","Pulse Oximeter in Dubai: Complete Guide to Health Monitoring Devices for Home Use","936","","KEEP URL – blog article"
"post","https://medhub.ae/suction-machine-dubai/","200","yes","yes","Suction Machine in Dubai: Complete Home Care Guide","Suction Machine in Dubai: Complete Guide to Medical Suction &#038; Enteral Feeding Equipment","963","","KEEP URL – blog article"
"post","https://medhub.ae/cpap-masks-dubai/","200","yes","yes","CPAP Masks in Dubai: Complete Guide to the Right Fit","CPAP Masks Explained: Nasal, Nasal Pillow, and Full-Face: How to Choose the Right Fit","2243","","KEEP URL – blog article"
"post","https://medhub.ae/infusion-pump-in-dubai-complete-guide-to-iv-infusion-devices-for-home-clinical-use/","200","yes","yes","Infusion Pump in Dubai: Complete Guide to IV Infusion Devices for Home & Clinical Use - Medical Equipment Suppliers in Dubai | Buy Medical Supplies UAE","Infusion Pump in Dubai: Complete Guide to IV Infusion Devices for Home & Clinical Use","1174","","KEEP URL – blog article"
"post","https://medhub.ae/travel-cpap-machine-in-dubai-best-portable-cpap-devices-for-sleep-apnea-on-the-go/","200","yes","yes","Travel CPAP Machine in Dubai: Best Portable CPAP Devices for Sleep Apnea on the Go - Medical Equipment Suppliers in Dubai | Buy Medical Supplies UAE","Travel CPAP Machine in Dubai: Best Portable CPAP Devices for Sleep Apnea on the Go","1196","","KEEP URL – blog article"
"post","https://medhub.ae/medical-equipment-suppliers-in-dubai-complete-guide-to-oxygen-machines-cpap-respiratory-care/","200","yes","yes","Medical Equipment Suppliers in Dubai: Complete Guide to Oxygen Machines, CPAP & Respiratory Care - Medical Equipment Suppliers in Dubai | Buy Medical Supplies UAE","Medical Equipment Suppliers in Dubai: Complete Guide to Oxygen Machines, CPAP & Respiratory Care","1814","","KEEP URL – blog article"
"post","https://medhub.ae/portable-oxygen-machine-in-dubai-your-complete-buyers-guide/","200","yes","yes","Portable Oxygen Machine in Dubai: Your Complete Buyer's Guide - Medical Equipment Suppliers in Dubai | Buy Medical Supplies UAE","Portable Oxygen Machine in Dubai: Your Complete Buyer's Guide","1367","","KEEP URL – blog article"
"post","https://medhub.ae/bipap-in-dubai-your-complete-guide-to-bipap-machines-and-therapy/","200","yes","yes","BiPAP in Dubai: Your Complete Guide to BiPAP Machines and Therapy - Medical Equipment Suppliers in Dubai | Buy Medical Supplies UAE","BiPAP in Dubai: Your Complete Guide to BiPAP Machines and Therapy","2008","","KEEP URL – blog article"
"post","https://medhub.ae/cpap-in-dubai-your-complete-guide-to-sleep-apnea-treatment-and-cpap-machines/","200","yes","yes","CPAP in Dubai: Your Complete Guide to Sleep Apnea Treatment and CPAP Machines - Medical Equipment Suppliers in Dubai | Buy Medical Supplies UAE","CPAP in Dubai: Your Complete Guide to Sleep Apnea Treatment and CPAP Machines","2943","","KEEP URL – blog article"
"product_category","https://medhub.ae/product-category/auto-bipap-machine/","200","yes","NO","Best Auto BiPAP Machine in Dubai for Easy Breathing","Auto BiPAP","99","2","KEEP URL – redesign as landing/category"
"product_category","https://medhub.ae/product-category/auto-cpap-machine/","200","yes","NO","Best Auto CPAP Machine in Dubai for Sleep Therapy","Auto CPAP","176","3","KEEP URL – redesign as landing/category"
"product_category","https://medhub.ae/product-category/bipap/","200","yes","NO","Best BiPAP in Dubai for Advanced Sleep Therapy","BiPAP in Dubai","125","3","KEEP URL – redesign as landing/category"
"product_category","https://medhub.ae/product-category/cpap/","200","yes","NO","Best CPAP in Dubai for Sleep Apnea Treatment","CPAP","167","2","KEEP URL – redesign as landing/category"
"product_category","https://medhub.ae/product-category/cpap-bipap-accessories/","200","yes","NO","Best CPAP/BiPAP Accessories in Dubai for Comfort","CPAP/BiPAP Accessories","314","11","KEEP URL – redesign as landing/category"
"product_category","https://medhub.ae/product-category/buy-cpap-bipap-masks/","200","yes","NO","Buy CPAP/BiPAP Masks In Dubai | Dubai Online.","CPAP/BiPAP Masks","360","13","KEEP URL – redesign as landing/category"
"product_category","https://medhub.ae/product-category/medical-disposables/","200","yes","NO","Best Medical Disposables in Dubai for Hospitals & Clinics","Disposables","124","4","KEEP URL – redesign as landing/category"
"product_category","https://medhub.ae/product-category/electrocardiogram-machine/","200","yes","NO","Best Electrocardiogram Machine in Dubai for Clinics","Electrocardiogram","136","3","KEEP URL – redesign as landing/category"
"product_category","https://medhub.ae/product-category/feeding-milk-nutritional-supplement/","200","yes","NO","Best Feeding Milk Nutritional Supplement in Dubai","Feeding Milk (Nutiricional Suppliment )","114","4","KEEP URL – redesign as landing/category"
"product_category","https://medhub.ae/product-category/enteral-feeding-pump/","200","yes","NO","Best Enteral Feeding Pump in Dubai for Safe Feeding","Feeding Pump","159","3","KEEP URL – redesign as landing/category"
"product_category","https://medhub.ae/product-category/feeding-pump-accessories/","200","yes","NO","Best Feeding Pump Accessories in Dubai for Patient Care","Feeding Pump Accessories","143","5","KEEP URL – redesign as landing/category"
"product_category","https://medhub.ae/product-category/health-monitoring-devices/","200","yes","NO","Best Health Monitoring Devices in Dubai for Home Use","Health Monitoring","609","18","KEEP URL – redesign as landing/category"
"product_category","https://medhub.ae/product-category/pulse-oximeter/","200","yes","NO","Best Pulse Oximeter in Dubai for Accurate Monitoring","Health Monitoring Pulse Oximeter","137","3","KEEP URL – redesign as landing/category"
"product_category","https://medhub.ae/product-category/hospital-furniture/","200","yes","NO","Premium Hospital Furniture | Durable & Medical Grade","Hospital Furniture","523","15","KEEP URL – redesign as landing/category"
"product_category","https://medhub.ae/product-category/hygiene-and-infection-control-products/","200","yes","NO","Best Hygiene and Infection Control Products in Dubai","Hygiene & Infection Control","740","25","KEEP URL – redesign as landing/category"
"product_category","https://medhub.ae/product-category/infusion-pump/","200","yes","NO","Best Infusion Pump in Dubai for Accurate Drug Delivery","Infusion Therapy","34","1","KEEP URL – redesign as landing/category"
"product_category","https://medhub.ae/product-category/nasogastric-tubes/","200","yes","NO","Nasogastric Tubes Archives - Medical Equipment Suppliers in Dubai | Buy Medical Supplies UAE","Nasogastric Tubes","91","1","KEEP URL – redesign as landing/category"
"product_category","https://medhub.ae/product-category/buy-oxygen-concentrator/","200","yes","NO","Best Oxygen Concentrator in Dubai for Home and Medical Use","Oxygen Concentrator","244","5","KEEP URL – redesign as landing/category"
"product_category","https://medhub.ae/product-category/oxygen-concentrator-accessories/","200","yes","NO","Best Oxygen Concentrator Accessories in Dubai","Oxygen Concentrator Accessories","117","5","KEEP URL – redesign as landing/category"
"product_category","https://medhub.ae/product-category/oxygen-concentrator/","200","yes","NO","Buy Oxygen Concentrator in UAE for Home and Medical Use","Oxygen Therapy","632","18","KEEP URL – redesign as landing/category"
"product_category","https://medhub.ae/product-category/patient-bed/","200","yes","NO","Best Patient Bed in Dubai for Home and Medical Care","Patient Bed","188","7","KEEP URL – redesign as landing/category"
"product_category","https://medhub.ae/product-category/patient-monitor/","200","yes","NO","Best Patient Monitor in Dubai for Accurate Vital Tracking","Patient Monitor","68","2","KEEP URL – redesign as landing/category"
"product_category","https://medhub.ae/product-category/portable-oxygen-concentrator/","200","yes","NO","Best Portable Oxygen Concentrator in Dubai for Travel","Portable Oxygen Concentrator","319","6","KEEP URL – redesign as landing/category"
"product_category","https://medhub.ae/product-category/medical-equipment-rental/","200","yes","NO","Best Medical Equipment Rental in Dubai Services","Rental","573","13","KEEP URL – redesign as landing/category"
"product_category","https://medhub.ae/product-category/sleep-support-comfort-solutions/","200","yes","NO","Sleep Support & Comfort Solutions Archives - Medical Equipment Suppliers in Dubai | Buy Medical Supplies UAE","Sleep Support & Comfort Solutions","340","6","KEEP URL – redesign as landing/category"
"product_category","https://medhub.ae/product-category/suction-machine/","200","yes","NO","Best Suction Machine in Dubai for Medical Use","Suction Machine","320","5","KEEP URL – redesign as landing/category"
"product_category","https://medhub.ae/product-category/therapy-and-massage-devices-in-dubai/","200","yes","NO","Best Therapy and Massage Devices in Dubai for Recovery","Therapy & Massage","39","1","KEEP URL – redesign as landing/category"
"product_category","https://medhub.ae/product-category/tracheostomy-care-products-in-dubai/","200","yes","NO","Best Tracheostomy Care Products in Dubai for Patients","Tracheostomy Care","666","23","KEEP URL – redesign as landing/category"
"product_category","https://medhub.ae/product-category/travel-cpap-machine/","200","yes","NO","Best Travel CPAP Machine in Dubai for Easy Sleep Therapy","Travel CPAP","93","1","KEEP URL – redesign as landing/category"
"product_category","https://medhub.ae/product-category/uncategorized/","200","yes","NO","Uncategorized Archives - Medical Equipment Suppliers in Dubai | Buy Medical Supplies UAE","Uncategorized","96","4","noindex, hide"
"product_category","https://medhub.ae/product-category/ventilator-accessories-in-dubai/","200","yes","NO","Best Ventilator Accessories in Dubai for Medical Use","Ventilator Accessories","483","11","KEEP URL – redesign as landing/category"
"product_category","https://medhub.ae/product-category/vital-sign-monitor-in-dubai/","200","yes","NO","Best Vital Sign Monitor in Dubai for Accurate Tracking","Vital Sign Monitor","122","2","KEEP URL – redesign as landing/category"
"product_category","https://medhub.ae/product-category/wound-care/","200","yes","NO","Wound Care Archives - Medical Equipment Suppliers in Dubai | Buy Medical Supplies UAE","Wound Care","521","11","KEEP URL – redesign as landing/category"
"product_category","https://medhub.ae/product-category/portable-ventilator/","200","no","NO","Best Portable Ventilator in Dubai for Advanced Care","Ventilation","7","","KEEP noindex until products exist"
"brand","https://medhub.ae/brand/inogen/","200","yes","NO","Inogen Archives - Medical Equipment Suppliers in Dubai | Buy Medical Supplies UAE","(none)","203","2","KEEP URL – upgrade to brand landing"
"brand","https://medhub.ae/brand/philips/","200","yes","NO","Philips Respironics Archives - Medical Equipment Suppliers in Dubai | Buy Medical Supplies UAE","(none)","190","2","KEEP URL – upgrade to brand landing"
"brand","https://medhub.ae/brand/resmed/","200","yes","NO","ResMed Archives - Medical Equipment Suppliers in Dubai | Buy Medical Supplies UAE","(none)","282","8","KEEP URL – upgrade to brand landing"
"brand","https://medhub.ae/brand/yuwell/","200","yes","NO","Yuwell Archives - Medical Equipment Suppliers in Dubai | Buy Medical Supplies UAE","(none)","317","3","KEEP URL – upgrade to brand landing"
"product","https://medhub.ae/product/oxygen-cylinder-in-dubai/","200","yes","yes","Best Oxygen Cylinder in Dubai for Home and Medical Use","Alunimum Oxygen Cylinder 10 Litre with Trolley (Rental Per Month)","988","","KEEP"
"brand","https://medhub.ae/brand/abbott/","","yes","NO","Abbott","","","5","KEEP URL"
"brand","https://medhub.ae/brand/ace-sabaah/","","yes","NO","Ace Sabaah","","","2","KEEP URL"
"brand","https://medhub.ae/brand/activheal/","","yes","NO","Activheal","","","3","KEEP URL"
"brand","https://medhub.ae/brand/aerogen/","","yes","NO","Aerogen","","","1","KEEP URL"
"brand","https://medhub.ae/brand/attends/","","yes","NO","Attends","","","4","KEEP URL"
"brand","https://medhub.ae/brand/b-braun/","","yes","NO","B Braun","","","1","KEEP URL"
"brand","https://medhub.ae/brand/choice-one-medical/best-in-rest/","","yes","NO","Best in Rest","","","2","KEEP URL"
"brand","https://medhub.ae/brand/beurer/","","yes","NO","Beurer","","","3","KEEP URL"
"brand","https://medhub.ae/brand/caire-medical/","","yes","NO","Caire Medical","","","1","KEEP URL"
"brand","https://medhub.ae/brand/cardinal-health/","","yes","NO","Cardinal Health","","","2","KEEP URL"
"brand","https://medhub.ae/brand/choice-one-medical/","","yes","NO","Choice One Medical","","","8","KEEP URL"
"brand","https://medhub.ae/brand/clinell/","","yes","NO","Clinell","","","2","KEEP URL"
"brand","https://medhub.ae/brand/contour/","","yes","NO","Contour","","","6","KEEP URL"
"brand","https://medhub.ae/brand/convatec/","","yes","NO","Convatec","","","2","KEEP URL"
"brand","https://medhub.ae/brand/covidien/","","yes","NO","Covidien","","","2","KEEP URL"
"brand","https://medhub.ae/brand/friends/","","yes","NO","Friends","","","3","KEEP URL"
"brand","https://medhub.ae/brand/gce-healthcare/","","yes","NO","GCE Healthcare","","","1","KEEP URL"
"brand","https://medhub.ae/brand/hartmann/","","yes","NO","Hartmann","","","1","KEEP URL"
"brand","https://medhub.ae/brand/masimo/","","yes","NO","Masimo","","","2","KEEP URL"
"brand","https://medhub.ae/brand/medical-econet-gmbh/","","yes","NO","Medical Econet GmbH","","","3","KEEP URL"
"brand","https://medhub.ae/brand/meditera/","","yes","NO","Meditera","","","3","KEEP URL"
"brand","https://medhub.ae/brand/medline/","","yes","NO","Medline","","","1","KEEP URL"
"brand","https://medhub.ae/brand/molnlycke/","","yes","NO","Molnlycke","","","6","KEEP URL"
"brand","https://medhub.ae/brand/nateen/","","yes","NO","Nateen","","","1","KEEP URL"
"brand","https://medhub.ae/brand/o2-concepts/","","yes","NO","O2 Concepts","","","1","KEEP URL"
"brand","https://medhub.ae/brand/portex/","","yes","NO","Portex","","","1","KEEP URL"
"brand","https://medhub.ae/brand/choice-one-medical/purdoux/","","yes","NO","Purdoux","","","4","KEEP URL"
"brand","https://medhub.ae/brand/romsons/","","yes","NO","Romsons","","","2","KEEP URL"
"brand","https://medhub.ae/brand/sinmed/","","yes","NO","Sinmed","","","1","KEEP URL"
"brand","https://medhub.ae/brand/choice-one-medical/zephair/","","yes","NO","ZephAir","","","1","KEEP URL"
"product","https://medhub.ae/product/gce-healthcare-zen-o-portable-oxygen-concentrator/","200","yes","yes","GCE Healthcare Zen-O Portable Oxygen Concentrator","GCE Healthcare Zen-O Portable Oxygen Concentrator","","Oxygen Therapy; Portable Oxygen Concentrator | AED 12500 | in stock | GCE Healthcare","KEEP URL"
"product","https://medhub.ae/product/caire-sequal-eclipse-5-portable-oxygen-concentrator/","200","yes","yes","Caire SeQual Eclipse 5 Portable Oxygen Concentrator","Caire SeQual Eclipse 5 Portable Oxygen Concentrator","","Oxygen Therapy; Portable Oxygen Concentrator | AED 10999 | in stock | Caire Medical","KEEP URL"
"product","https://medhub.ae/product/o2-concepts-oxlife-liberty-2-portable-oxygen-concentrator/","200","yes","yes","O2 Concepts Oxlife Liberty 2 Portable Oxygen Concentrator","O2 Concepts Oxlife Liberty 2 Portable Oxygen Concentrator","","Oxygen Therapy; Portable Oxygen Concentrator | AED 10999 | in stock | O2 Concepts","KEEP URL"
"product","https://medhub.ae/product/yuwell-8f-10-single-flow-10l-oxygen-concentrator/","200","yes","yes","Yuwell 8F-10 Single Flow 10L Oxygen Concentrator","Yuwell 8F-10 Single Flow 10L Oxygen Concentrator","","Oxygen Concentrator; Oxygen Therapy | AED 5450 | in stock | Yuwell","KEEP URL"
"product","https://medhub.ae/product/yuwell-8f-5a-oxygen-concentrator-5l/","200","yes","yes","Yuwell 8F-5A Oxygen Concentrator 5L","Yuwell 8F-5A Oxygen Concentrator 5L","","Oxygen Concentrator; Oxygen Therapy | AED 2300 | in stock | Yuwell","KEEP URL"
"product","https://medhub.ae/product/amoul-i3-semi-automated-external-defibrillator/","200","yes","yes","Amoul i3 Semi Automated External Defibrillator","Amoul i3 Semi Automated External Defibrillator","","Health Monitoring | AED 3450 | in stock","KEEP URL"
"product","https://medhub.ae/product/3m-silvercel-non-adherent-hydro-alginate-antimicrobial-dressing-11x11cm-10-box/","200","yes","yes","3M Silvercel Non-Adherent Hydro-Alginate Antimicrobial Dressing 11x11cm 10/Box","3M Silvercel Non-Adherent Hydro-Alginate Antimicrobial Dressing 11x11cm 10/Box","","Wound Care | AED 610 | in stock","KEEP URL"
"product","https://medhub.ae/product/convatec-aquacel-ag-extra-10x10cm-10s/","200","yes","yes","Convatec Aquacel® Ag+ Extra™ 10x10cm 10's","Convatec Aquacel® Ag+ Extra™ 10x10cm 10's","","Wound Care | AED 450 | in stock | Convatec","KEEP URL"
"product","https://medhub.ae/product/convatec-aquacel-ag-extra-5x5cm-10s/","200","yes","yes","Convatec Aquacel® Ag+ Extra™ 5x5cm 10's","Convatec Aquacel® Ag+ Extra™ 5x5cm 10's","","Wound Care | AED 205 | in stock | Convatec","KEEP URL"
"product","https://medhub.ae/product/heyer-luvar-a-auto-cpap-with-humidifier/","200","yes","yes","Heyer Luvar A Auto CPAP with Humidifier","Heyer Luvar A Auto CPAP with Humidifier","","Auto CPAP | AED 2800 | in stock","KEEP URL"
"product","https://medhub.ae/product/meditera-altech-tracheostomy-hme-sterile/","200","yes","yes","Meditera Altech Tracheostomy HME Sterile","Meditera Altech Tracheostomy HME Sterile","","Tracheostomy Care | AED 14 | in stock | Meditera","KEEP URL"
"product","https://medhub.ae/product/nateen-hospeen-adult-pants-premium-plus-large-18-pack/","200","yes","yes","Nateen Hospeen Adult Pants Premium Plus Large 18/Pack","Nateen Hospeen Adult Pants Premium Plus Large 18/Pack","","Hygiene & Infection Control | AED 42 | in stock | Nateen","KEEP URL"
"product","https://medhub.ae/product/attends-pull-ons-10-disposable-pants-for-incontinence-14-pack/","200","yes","yes","Attends Pull-Ons 10 Disposable Pants for Incontinence 14/Pack","Attends Pull-Ons 10 Disposable Pants for Incontinence 14/Pack","","Hygiene & Infection Control | AED 105 | out of stock | Attends","KEEP URL"
"product","https://medhub.ae/product/altech-medi-flow-pediatric-coaxial-circuit/","200","yes","yes","Altech Medi-Flow Pediatric Coaxial Circuit","Altech Medi-Flow Pediatric Coaxial Circuit","","Ventilator Accessories | AED 180 | in stock | Meditera","KEEP URL"
"product","https://medhub.ae/product/altech-medi-flow-adult-coaxial-circuit/","200","yes","yes","Altech Medi-Flow Adult Coaxial Circuit","Altech Medi-Flow Adult Coaxial Circuit","","Ventilator Accessories | AED 180 | in stock | Meditera","KEEP URL"
"product","https://medhub.ae/product/sinmed-evo-fix-one-piece-adult-tracheostomy-tube-holder/","200","yes","yes","Sinmed Evo-Fix One-Piece Adult Tracheostomy Tube Holder","Sinmed Evo-Fix One-Piece Adult Tracheostomy Tube Holder","","Tracheostomy Care | AED 15 | in stock | Sinmed","KEEP URL"
"product","https://medhub.ae/product/activheal-silicone-border-foam-dressing-sacral-18x18-5cm-10-box/","200","yes","yes","Activheal Silicone Border Foam Dressing Sacral 18x18.5cm 10/Box","Activheal Silicone Border Foam Dressing Sacral 18x18.5cm 10/Box","","Hygiene & Infection Control; Wound Care | AED 630 | in stock | Activheal","KEEP URL"
"product","https://medhub.ae/product/attends-cover-dri-plus-underpads-60x90cm-50-pack/","200","yes","yes","Attends Cover Dri Plus Underpads 60x90cm 50/Pack","Attends Cover Dri Plus Underpads 60x90cm 50/Pack","","Hygiene & Infection Control | AED 115.5 | in stock | Attends","KEEP URL"
"product","https://medhub.ae/product/abbott-ensure-plus-advance-rth-500ml/","200","yes","yes","Abbott Ensure Plus Advance RTH 500ml","Abbott Ensure Plus Advance RTH 500ml","","Feeding Milk (Nutiricional Suppliment ) | AED 52.5 | in stock | Abbott","KEEP URL"
"product","https://medhub.ae/product/friends-premium-adult-diapers-extra-large-10-pack/","200","yes","yes","Friends Premium Adult Diapers Extra Large 10/Pack","Friends Premium Adult Diapers Extra Large 10/Pack","","Hygiene & Infection Control | AED 47.25 | in stock | Friends","KEEP URL"
"product","https://medhub.ae/product/friends-premium-adult-diapers-large-10-pack/","200","yes","yes","Friends Premium Adult Diapers Large 10/Pack","Friends Premium Adult Diapers Large 10/Pack","","Hygiene & Infection Control | AED 47.25 | in stock | Friends","KEEP URL"
"product","https://medhub.ae/product/ace-sabaah-super-dry-adult-diapers-pack-of-30-extra-large/","200","yes","yes","Ace Sabaah Super Dry Adult Diapers Pack of 30 Pcs Extra Large","Ace Sabaah Super Dry Adult Diapers Pack of 30 Pcs Extra Large","","Hygiene & Infection Control | AED 73.5 | in stock | Ace Sabaah","KEEP URL"
"product","https://medhub.ae/product/friends-premium-underpads-60x90cm-10s-pack/","200","yes","yes","Friends Premium Underpads 60x90cm 10's Pack","Friends Premium Underpads 60x90cm 10's Pack","","Hygiene & Infection Control | AED 26.25 | in stock | Friends","KEEP URL"
"product","https://medhub.ae/product/philips-respironics-oxygenate-5-oxygen-concentrator-5l/","200","yes","yes","Philips Respironics Oxygenate 5 Oxygen Concentrator 5L","Philips Respironics Oxygenate 5 Oxygen Concentrator 5L","","Oxygen Concentrator; Oxygen Therapy | AED 3400 | in stock | Philips Respironics","KEEP URL"
"product","https://medhub.ae/product/contour-kabooti-kool-gel-cushion/","200","yes","yes","Contour Kabooti Kool Gel Cushion","Contour Kabooti Kool Gel Cushion","","Sleep Support & Comfort Solutions | AED 261.45 | in stock | Contour","KEEP URL"
"product","https://medhub.ae/product/contour-kabooti-kool-gel/","200","yes","yes","Contour Lumbar Kabooti Kool Gel","Contour Lumbar Kabooti Kool Gel","","Sleep Support & Comfort Solutions | AED 261.45 | in stock | Contour","KEEP URL"
"product","https://medhub.ae/product/contour-30-740rb-kabooti-3-in-1-complete-comfort-seating-solution/","200","yes","yes","Contour Kabooti 3-in-1 Complete Comfort Seating Solution","Contour Kabooti 3-in-1 Complete Comfort Seating Solution","","Sleep Support & Comfort Solutions | AED 240.45 | in stock | Contour","KEEP URL"
"product","https://medhub.ae/product/contour-29-450r-legacy-leg-pillow/","200","yes","yes","Contour 29-450R Legacy Leg Pillow","Contour 29-450R Legacy Leg Pillow","","Sleep Support & Comfort Solutions | AED 135.45 | in stock | Contour","KEEP URL"
"product","https://medhub.ae/product/contour-cpap-max-pillow-15-551r/","200","yes","yes","Contour CPAP Max Pillow 15-551R","Contour CPAP Max Pillow 15-551R","","CPAP/BiPAP Accessories; Sleep Support & Comfort Solutions | AED 376.95 | in stock | Contour","KEEP URL"
"product","https://medhub.ae/product/contour-cpap-pillow-2-0-14-151r/","200","yes","yes","Contour CPAP Pillow 2.0 14-151R","Contour CPAP Pillow 2.0 14-151R","","CPAP/BiPAP Accessories; Sleep Support & Comfort Solutions | AED 313.95 | in stock | Contour","KEEP URL"
"product","https://medhub.ae/product/yuwell-7e-g1-portable-phlegm-suction-unit/","200","yes","yes","Yuwell 7E-G1 Portable Phlegm Suction Unit","Yuwell 7E-G1 Portable Phlegm Suction Unit","","Suction Machine | AED 1350 | in stock | Yuwell","KEEP URL"
"product","https://medhub.ae/product/molnlycke-granudacyn-wound-irrigation-solution-500ml/","200","yes","yes","Molnlycke Granudacyn Wound Irrigation Solution 500ml","Molnlycke Granudacyn Wound Irrigation Solution 500ml","","Hygiene & Infection Control | AED 200 | out of stock | Molnlycke","KEEP URL"
"product","https://medhub.ae/product/attends-cover-dri-plus-80x170cm-incontinence-underpads-30s/","200","yes","yes","Attends Cover Dri Plus 80x170cm Incontinence Underpads 30/Pack","Attends Cover Dri Plus 80x170cm Incontinence Underpads 30/Pack","","Hygiene & Infection Control | AED 109.46 | in stock | Attends","KEEP URL"
"product","https://medhub.ae/product/activheal-silicone-adhesive-border-foam-15x15cm-10-box/","200","yes","yes","Activheal Silicone Adhesive Border Foam 15x15cm 10/Box","Activheal Silicone Adhesive Border Foam 15x15cm 10/Box","","Wound Care | AED 425 | in stock | Activheal","KEEP URL"
"product","https://medhub.ae/product/activheal-silicone-foam-adhesive-border-dressing-10x10cm-10-box/","200","yes","yes","Activheal Silicone Foam Adhesive Border Dressing 10x10cm 10/Box","Activheal Silicone Foam Adhesive Border Dressing 10x10cm 10/Box","","Wound Care | AED 225 | in stock | Molnlycke","KEEP URL"
"product","https://medhub.ae/product/activheal-tracheostomy-foam-non-adhesive-10x10cm-4c4in-10-box/","200","yes","yes","Activheal Tracheostomy Foam Non-Adhesive 10x10cm (4c4in) 10/Box","Activheal Tracheostomy Foam Non-Adhesive 10x10cm (4c4in) 10/Box","","Wound Care | AED 220 | in stock | Activheal","KEEP URL"
"product","https://medhub.ae/product/molnlycke-mepilex-border-sacrum-22x25cm-8-7x9-8-inch-5-box/","200","yes","yes","Molnlycke Mepilex Border Sacrum 22x25cm 8.7x9.8 inch 5/Box","Molnlycke Mepilex Border Sacrum 22x25cm 8.7x9.8 inch 5/Box","","Wound Care | AED 630 | in stock | Molnlycke","KEEP URL"
"product","https://medhub.ae/product/molnlycke-mepilex-border-sacrum-16x20cm-6-3x7-9-inch-5-pack/","200","yes","yes","Molnlycke Mepilex Border Sacrum 16x20cm (6.3x7.9 inch) 5/Box","Molnlycke Mepilex Border Sacrum 16x20cm (6.3x7.9 inch) 5/Box","","Wound Care | AED 500 | in stock | Molnlycke","KEEP URL"
"product","https://medhub.ae/product/molnlycke-mepilex-border-flex-15x15cm-6x6-inch-5-pack/","200","yes","yes","Molnlycke Mepilex Border Flex 15x15cm (6x6 inch) 5/Pack","Molnlycke Mepilex Border Flex 15x15cm (6x6 inch) 5/Pack","","Wound Care | AED 315 | in stock | Molnlycke","KEEP URL"
"product","https://medhub.ae/product/molnlycke-mepilex-border-flex-10x10-cm-4x4inch-5-pack/","200","yes","yes","Molnlycke Mepilex Border Flex 10x10 cm (4x4inch) 5/Pack","Molnlycke Mepilex Border Flex 10x10 cm (4x4inch) 5/Pack","","Wound Care | AED 300 | in stock | Molnlycke","KEEP URL"
"product","https://medhub.ae/product/portex-suctionpro-72-closed-ventilation-suction-catheter-z215-12/","200","yes","yes","Portex SuctionPro 72 Closed Ventilation Suction Catheter Z215-12","Portex SuctionPro 72 Closed Ventilation Suction Catheter Z215-12","","Ventilator Accessories | AED 65 | out of stock | Portex","KEEP URL"
"product","https://medhub.ae/product/compact-soft-nasogastric-feeding-tube-12fr-120-cm-s/","200","yes","yes","Compact Soft Nasogastric Feeding Tube 12FR 120 cm S","Compact Soft Nasogastric Feeding Tube 12FR 120 cm S","","Nasogastric Tubes | AED 100 | out of stock","KEEP URL"
"product","https://medhub.ae/product/attends-slip-regular-8-large-28s-pack/","200","yes","yes","Attends Slip Regular 8 large Diapers 28's Pack","Attends Slip Regular 8 large Diapers 28's Pack","","Hygiene & Infection Control | AED 119.7 | out of stock | Attends","KEEP URL"
"product","https://medhub.ae/product/covidien-dar-hme-for-tracheostomized-patients/","200","yes","yes","Covidien DAR HME for Tracheostomized Patients","Covidien DAR HME for Tracheostomized Patients","","Tracheostomy Care | AED 312.5 | in stock | Covidien","KEEP URL"
"product","https://medhub.ae/product/beurer-bm-28-upper-arm-blood-pressure-monitor-on-pank/","200","yes","yes","Beurer BM 28 Upper Arm Blood Pressure Monitor on Pank","Beurer BM 28 Upper Arm Blood Pressure Monitor on Pank","","Health Monitoring | AED 180 | in stock | Beurer","KEEP URL"
"product","https://medhub.ae/product/beurer-bm-27-classic-blood-pressure-monitor/","200","yes","yes","Beurer BM 27+ Classic Blood Pressure Monitor","Beurer BM 27+ Classic Blood Pressure Monitor","","Health Monitoring | AED 150 | in stock | Beurer","KEEP URL"
"product","https://medhub.ae/product/beurer-bm-23-limited-edition-blood-pressure-monitor/","200","yes","yes","Beurer BM 23 Limited Edition Blood Pressure Monitor","Beurer BM 23 Limited Edition Blood Pressure Monitor","","Health Monitoring | AED 115 | in stock | Beurer","KEEP URL"
"product","https://medhub.ae/product/b-braun-infusomat-space-volumetric-infusion-pump/","200","yes","yes","B Braun Infusomat Space Volumetric Infusion Pump","B Braun Infusomat Space Volumetric Infusion Pump","","Infusion Therapy | AED 7850 | in stock | B Braun","KEEP URL"
"product","https://medhub.ae/product/buy-covidien-shileytracheostomy-tube-cuffless-in-dubai-uae-online/","200","yes","yes","Covidien Shiley Pediatric Tracheostomy Tube Cuffless with Inner Cannula 6CFS","Covidien Shiley Pediatric Tracheostomy Tube Cuffless with Inner Cannula 6CFS","","Tracheostomy Care | AED 300 | out of stock | Covidien","KEEP URL"
"product","https://medhub.ae/product/clinell-skin-personal-care-cloths-40s/","200","yes","yes","Clinell Skin Personal Care Cloths 40's","Clinell Skin Personal Care Cloths 40's","","Hygiene & Infection Control | AED 25 | in stock | Clinell","KEEP URL"
"product","https://medhub.ae/product/clinell-universal-wipes-tub-100s/","200","yes","yes","Clinell Universal Wipes Tub 100s","Clinell Universal Wipes Tub 100s","","Hygiene & Infection Control | AED 30 | in stock | Clinell","KEEP URL"
"product","https://medhub.ae/product/hartmann-permafoam-classic-tracheostomy-foam-dressing-10-pack/","200","yes","yes","Hartmann PermaFoam Classic Tracheostomy Foam Dressing 10/Pack","Hartmann PermaFoam Classic Tracheostomy Foam Dressing 10/Pack","","Tracheostomy Care | AED 130 | in stock | Hartmann","KEEP URL"
"product","https://medhub.ae/product/kangaroo-enteral-feeding-pump-refurbished/","200","yes","yes","Kangaroo Enteral Feeding Pump (Refurbished)","Kangaroo Enteral Feeding Pump (Refurbished)","","Feeding Pump | AED 3000 | in stock | Cardinal Health","KEEP URL"
"product","https://medhub.ae/product/3m-inadine-pvp-i-non-adherent-dressing-5-x-5-cm-25pcs-box/","200","yes","yes","3M INADINE™ PVP-I Non-Adherent Dressing 5x5 cm (25PCS/BOX)","3M INADINE™ PVP-I Non-Adherent Dressing 5x5 cm (25PCS/BOX)","","Hygiene & Infection Control | AED 200 | in stock","KEEP URL"
"product","https://medhub.ae/product/3m-inadine-pvp-i-non-adherent-dressing-9-5-x-9-5-cm-25pcs-box/","200","yes","yes","3M INADINE™ PVP-I Non-Adherent Dressing, 9.5 x 9.5 cm (25PCS/BOX)","3M INADINE™ PVP-I Non-Adherent Dressing, 9.5 x 9.5 cm (25PCS/BOX)","","Hygiene & Infection Control | AED 215 | in stock","KEEP URL"
"product","https://medhub.ae/product/dispowipe-aloe-face-and-body-wipes-pack-of-60/","200","yes","yes","Dispowipe Aloe Face and Body Wipes Pack of 60 16 Packs Per Box","Dispowipe Aloe Face and Body Wipes Pack of 60 16 Packs Per Box","","Hygiene & Infection Control | AED 320 | in stock","KEEP URL"
"product","https://medhub.ae/product/medical-econet-proview-10-patient-monitor/","200","yes","yes","Medical Econet Proview 10 Patient Monitor","Medical Econet Proview 10 Patient Monitor","","Patient Monitor | AED 6500 | out of stock | Medical Econet GmbH","KEEP URL"
"product","https://medhub.ae/product/carell-bed-bath-wipes-pack-of-8/","200","yes","yes","Carell Bed Bath Wipes Pack of 8","Carell Bed Bath Wipes Pack of 8","","Hygiene & Infection Control | AED 15 | in stock","KEEP URL"
"product","https://medhub.ae/product/zephair-cpap-hose-connector/","200","yes","yes","ZephAir Universal CPAP Hose Connector","ZephAir Universal CPAP Hose Connector","","CPAP/BiPAP Accessories | AED 220 | in stock | ZephAir","KEEP URL"
"product","https://medhub.ae/product/purdoux-2-in-1-premium-cpap-hose-brush/","200","yes","yes","Purdoux 2 in 1 Premium CPAP Hose Brush","Purdoux 2 in 1 Premium CPAP Hose Brush","","CPAP/BiPAP Accessories | AED 145 | in stock | Purdoux","KEEP URL"
"product","https://medhub.ae/product/best-in-rest-chin-strap/","200","yes","yes","Best in Rest Chin Strap","Best in Rest Chin Strap","","CPAP/BiPAP Accessories | AED 149 | out of stock | Best in Rest","KEEP URL"
"product","https://medhub.ae/product/best-in-rest-cpap-hose-lift/","200","yes","yes","Best in Rest CPAP Hose Lift","Best in Rest CPAP Hose Lift","","CPAP/BiPAP Accessories | AED 225 | in stock | Best in Rest","KEEP URL"
"product","https://medhub.ae/product/inogen-rove-6-portable-oxygen-concentrator/","200","yes","yes","Inogen Rove 6 Portable Oxygen Concentrator","Inogen Rove 6 Portable Oxygen Concentrator","","Portable Oxygen Concentrator | AED 9399 | in stock | Inogen","KEEP URL"
"product","https://medhub.ae/product/ace-sabaah-super-dry-adult-diapers-pack-of-30/","200","yes","yes","Ace Sabaah Super Dry Adult Diapers Pack of 30 Large","Ace Sabaah Super Dry Adult Diapers Pack of 30 Large","","Hygiene & Infection Control | AED 73.5 | in stock | Ace Sabaah","KEEP URL"
"product","https://medhub.ae/product/dignity-premium-adult-diapers-pack-of-10/","200","yes","yes","Dignity Premium Adult Diapers Pack of 10","Dignity Premium Adult Diapers Pack of 10","","Hygiene & Infection Control | AED 36.75 | in stock | Romsons","KEEP URL"
"product","https://medhub.ae/product/palm-care-powder-free-latex-examination-gloves/","200","yes","yes","Palm Care Powder Free Latex Examination Gloves 1 Carton","Palm Care Powder Free Latex Examination Gloves 1 Carton",""," | AED 200 | in stock","KEEP URL"
"product","https://medhub.ae/product/philips-dreamstation-auto-bipap-with-humidifier-and-mask/","200","yes","yes","Philips DreamStation Auto BiPAP with Humidifier and Mask","Philips DreamStation Auto BiPAP with Humidifier and Mask","","Auto BiPAP | AED 6250 | in stock | Philips Respironics","KEEP URL"
"product","https://medhub.ae/product/covidien-kendall-scd-700-sequential-compression-system/","200","yes","yes","Covidien Kendall SCD 700 Sequential Compression System","Covidien Kendall SCD 700 Sequential Compression System","","Therapy & Massage | AED 9000 | in stock | Cardinal Health","KEEP URL"
"product","https://medhub.ae/product/masimo-rad-97-pulse-co-oximeter-with-nibp/","200","yes","yes","Masimo Rad-97 Pulse Co-Oximeter with NIBP","Masimo Rad-97 Pulse Co-Oximeter with NIBP","","Health Monitoring Pulse Oximeter | AED 7500 | in stock | Masimo","KEEP URL"
"product","https://medhub.ae/product/hsiner-disposable-manual-resuscitator/","200","yes","yes","Hsiner Disposable Manual Resuscitator","Hsiner Disposable Manual Resuscitator","","Oxygen Therapy | AED 110 | out of stock","KEEP URL"
"product","https://medhub.ae/product/polifarma-0-9-isotonic-sodium-chloride-irrigation-solution-sterile-1000ml/","200","yes","yes","Polifarma 0.9% Isotonic Sodium Chloride Irrigation Solution Sterile 1000ml 12Pcs/Box","Polifarma 0.9% Isotonic Sodium Chloride Irrigation Solution Sterile 1000ml 12Pcs/Box",""," | AED 180 | in stock","KEEP URL"
"product","https://medhub.ae/product/polifarma-sterile-distilled-water-for-irrigation-500ml/","200","yes","yes","Polifarma Sterile Distilled Water for Irrigation 500ml 20/Box","Polifarma Sterile Distilled Water for Irrigation 500ml 20/Box","","Oxygen Concentrator Accessories; Oxygen Therapy | AED 240 | in stock","KEEP URL"
"product","https://medhub.ae/product/polifarma-sterile-distilled-water-for-irrigation-1000ml/","200","yes","yes","Polifarma Sterile Distilled Water for Irrigation 1000ml 12Pcs/Box","Polifarma Sterile Distilled Water for Irrigation 1000ml 12Pcs/Box","","Oxygen Concentrator Accessories; Oxygen Therapy | AED 210 | in stock","KEEP URL"
"product","https://medhub.ae/product/romsons-power-drool-nebulizer-kit/","200","yes","yes","Romsons Power Drool Nebulizer Kit","Romsons Power Drool Nebulizer Kit","","Tracheostomy Care; Oxygen Therapy | AED 140 | in stock | Romsons","KEEP URL"
"product","https://medhub.ae/product/lomar-underpads-60x90cm-25-pcs-pkt/","200","yes","yes","Lomar Underpads 60x90cm 25 Pcs/Pkt","Lomar Underpads 60x90cm 25 Pcs/Pkt","","Disposables; Hygiene & Infection Control | AED 42 | in stock","KEEP URL"
"product","https://medhub.ae/product/greetmed-suction-catheter-control-connector-sterile-100-box/","200","yes","yes","Greetmed Suction Catheter Thumb Control Connector Sterile 100/Box","Greetmed Suction Catheter Thumb Control Connector Sterile 100/Box","","Suction Machine | AED 200 | in stock","KEEP URL"
"product","https://medhub.ae/product/clinell-body-care-wipes-60s/","200","yes","yes","Clinell Skin Bed Bath Cloths 60's Pack","Clinell Skin Bed Bath Cloths 60's Pack","","Hygiene & Infection Control | AED 35 | in stock","KEEP URL"
"product","https://medhub.ae/product/medel-easy-aerosol-nebulizer/","200","yes","yes","Medel Easy Aerosol Nebulizer","Medel Easy Aerosol Nebulizer","","Oxygen Therapy | AED 220 | in stock","KEEP URL"
"product","https://medhub.ae/product/clinell-2-chlorhexidine-in-70-alcohol/","200","yes","yes","Buy Clinell 2% Chlorhexidine in 70% Alcohol 240's Sachets in Dubai | UAE | Online","Buy Clinell 2% Chlorhexidine in 70% Alcohol 240's Sachets in Dubai | UAE | Online","","Hygiene & Infection Control | AED 65 | in stock","KEEP URL – clean product name (contains ""Buy … in Dubai | UAE | Online"")"
"product","https://medhub.ae/product/avanos-enteral-10ml-syringe-with-enfit-connector-sterile-syr-10s/","200","yes","yes","Buy Avanos Enteral 10ml Syringe with Enfit Connector, Sterile SYR-10S in Dubai | UAE | Online","Buy Avanos Enteral 10ml Syringe with Enfit Connector, Sterile SYR-10S in Dubai | UAE | Online","","Disposables | AED 225 | in stock","KEEP URL – clean product name (contains ""Buy … in Dubai | UAE | Online"")"
"product","https://medhub.ae/product/avanos-enteral-20ml-syringe-with-enfit-connector-sterile-syr-20s/","200","yes","yes","Buy Avanos Enteral 20ml Syringe with Enfit Connector, Sterile SYR-20S in Dubai | UAE | Online","Buy Avanos Enteral 20ml Syringe with Enfit Connector, Sterile SYR-20S in Dubai | UAE | Online","","Disposables | AED 170 | in stock","KEEP URL – clean product name (contains ""Buy … in Dubai | UAE | Online"")"
"product","https://medhub.ae/product/avanos-enfit-60ml-syringe-syr-60s/","200","yes","yes","Buy Avanos Enteral 60ml Syringe with Enfit Connector, Sterile SYR-60S in Dubai | UAE | Online","Buy Avanos Enteral 60ml Syringe with Enfit Connector, Sterile SYR-60S in Dubai | UAE | Online","","Disposables | AED 200 | in stock","KEEP URL – clean product name (contains ""Buy … in Dubai | UAE | Online"")"
"product","https://medhub.ae/product/omron-m2-basic-blood-pressure-monitor/","200","yes","yes","Buy Omron M2 Basic Blood Pressure Monitor in Dubai | UAE | Online","Buy Omron M2 Basic Blood Pressure Monitor in Dubai | UAE | Online","","Health Monitoring | AED 180 | in stock","KEEP URL – clean product name (contains ""Buy … in Dubai | UAE | Online"")"
"product","https://medhub.ae/product/aerogen-solo/","200","yes","yes","Buy Aerogen Solo in Dubai | UAE | Online","Buy Aerogen Solo in Dubai | UAE | Online","","Ventilator Accessories | AED 1800 | out of stock | Aerogen","KEEP URL – clean product name (contains ""Buy … in Dubai | UAE | Online"")"
"product","https://medhub.ae/product/standard-manual-wheelchair/","200","yes","yes","Buy Standard Manual Wheelchair in Dubai | UAE | Online","Buy Standard Manual Wheelchair in Dubai | UAE | Online","","Hospital Furniture | AED 367.5 | out of stock","KEEP URL – clean product name (contains ""Buy … in Dubai | UAE | Online"")"
"product","https://medhub.ae/product/iv-stand/","200","yes","yes","Buy IV Stand in Dubai | UAE | Online","Buy IV Stand in Dubai | UAE | Online","","Hospital Furniture | AED 150 | out of stock","KEEP URL – clean product name (contains ""Buy … in Dubai | UAE | Online"")"
"product","https://medhub.ae/product/hospital-overbed-table/","200","yes","yes","Buy Hospital Overbed Table in Dubai | UAE | Online","Buy Hospital Overbed Table in Dubai | UAE | Online","","Hospital Furniture | AED 399 | in stock","KEEP URL – clean product name (contains ""Buy … in Dubai | UAE | Online"")"
"product","https://medhub.ae/product/bensan-extra-large-bathing-wipes-8s-pack/","200","yes","yes","Carell Everyday Cleaning Shampoo Cap","Carell Everyday Cleaning Shampoo Cap","","Hygiene & Infection Control | AED 30 | in stock","KEEP URL"
"product","https://medhub.ae/product/cavi-wipes-disinfectant-towelettes-160s-can/","200","yes","yes","Buy Cavi Wipes Disinfectant Towelettes 220's Can in Dubai | UAE | Online","Buy Cavi Wipes Disinfectant Towelettes 220's Can in Dubai | UAE | Online","","Hygiene & Infection Control | AED 52.5 | out of stock","KEEP URL – clean product name (contains ""Buy … in Dubai | UAE | Online"")"
"product","https://medhub.ae/product/clinell-universal-wipes-200s-pack/","200","yes","yes","Buy Clinell Universal Wipes 200's Pack in Dubai | UAE | Online","Buy Clinell Universal Wipes 200's Pack in Dubai | UAE | Online","","Hygiene & Infection Control | AED 42 | in stock","KEEP URL – clean product name (contains ""Buy … in Dubai | UAE | Online"")"
"product","https://medhub.ae/product/beurer-lb-37-air-humidifier/","200","yes","yes","Buy Beurer LB 37 Air Humidifier in Dubai | UAE | Online","Buy Beurer LB 37 Air Humidifier in Dubai | UAE | Online","","Oxygen Therapy | AED 315 | out of stock","KEEP URL – clean product name (contains ""Buy … in Dubai | UAE | Online"")"
"product","https://medhub.ae/product/beurer-si-40-steam-inhaler/","200","yes","yes","Buy Beurer SI 40 Steam Inhaler in Dubai | UAE | Online","Buy Beurer SI 40 Steam Inhaler in Dubai | UAE | Online","","Oxygen Therapy | AED 220 | in stock","KEEP URL – clean product name (contains ""Buy … in Dubai | UAE | Online"")"
"product","https://medhub.ae/product/drive-airforce-one-nebulizer-compressor/","200","yes","yes","Buy Drive AirForce One Nebulizer Compressor in Dubai | UAE | Online","Buy Drive AirForce One Nebulizer Compressor in Dubai | UAE | Online","","Oxygen Therapy | AED 210 | out of stock","KEEP URL – clean product name (contains ""Buy … in Dubai | UAE | Online"")"
"product","https://medhub.ae/product/braun-thermoscan-7-with-age-precision-ear-thermometer/","200","yes","yes","Buy Braun Thermoscan 7 with Age Precision Ear Thermometer in Dubai | UAE | Online","Buy Braun Thermoscan 7 with Age Precision Ear Thermometer in Dubai | UAE | Online","","Health Monitoring | AED 230 | in stock","KEEP URL – clean product name (contains ""Buy … in Dubai | UAE | Online"")"
"product","https://medhub.ae/product/vivachek-ino-blood-glucose-monitor-value-pack/","200","yes","yes","Buy VivaChek Ino Blood Glucose Monitor (Value Pack) in Dubai | UAE | Online","Buy VivaChek Ino Blood Glucose Monitor (Value Pack) in Dubai | UAE | Online","","Health Monitoring | AED 168 | in stock","KEEP URL – clean product name (contains ""Buy … in Dubai | UAE | Online"")"
"product","https://medhub.ae/product/wave-balance-automatic-digital-blood-pressure-monitor/","200","yes","yes","Buy Wave Balance Automatic Digital Blood Pressure Monitor in Dubai | UAE | Online","Buy Wave Balance Automatic Digital Blood Pressure Monitor in Dubai | UAE | Online","","Health Monitoring | AED 126 | out of stock","KEEP URL – clean product name (contains ""Buy … in Dubai | UAE | Online"")"
"product","https://medhub.ae/product/heartplus-nt-180-aed-pads/","200","yes","yes","Buy HeartPlus NT-180 AED Pads in Dubai | UAE | Online","Buy HeartPlus NT-180 AED Pads in Dubai | UAE | Online","","Health Monitoring | AED 450 | out of stock","KEEP URL – clean product name (contains ""Buy … in Dubai | UAE | Online"")"
"product","https://medhub.ae/product/philips-heartstart-smart-pads-ii/","200","yes","yes","Buy Philips HeartStart Smart Pads II in Dubai | UAE | Online","Buy Philips HeartStart Smart Pads II in Dubai | UAE | Online","","Health Monitoring | AED 750 | out of stock","KEEP URL – clean product name (contains ""Buy … in Dubai | UAE | Online"")"
"product","https://medhub.ae/product/zoll-aed-stat-padz-ii-adult-electrodes/","200","yes","yes","buy Zoll AED Stat-padz II Adult Electrodes in Dubai | UAE | Online","buy Zoll AED Stat-padz II Adult Electrodes in Dubai | UAE | Online","","Health Monitoring | AED 450 | out of stock","KEEP URL"
"product","https://medhub.ae/product/heartplus-nt-180-automated-external-defibrillator-aed/","200","yes","yes","Buy HeartPlus NT-180 Automated External Defibrillator (AED) in Dubai | UAE | Online","Buy HeartPlus NT-180 Automated External Defibrillator (AED) in Dubai | UAE | Online","","Health Monitoring | AED 3250 | out of stock","KEEP URL – clean product name (contains ""Buy … in Dubai | UAE | Online"")"
"product","https://medhub.ae/product/heart-guardian-hr-501-automated-external-defibrillator/","200","yes","yes","buy Heart Guardian HR-501 Automated External Defibrillator in Dubai | UAE | Online","buy Heart Guardian HR-501 Automated External Defibrillator in Dubai | UAE | Online","","Health Monitoring | AED 3350 | out of stock","KEEP URL"
"product","https://medhub.ae/product/philips-heartstart-frx-automated-external-defibrillator-aed/","200","yes","yes","Buy Philips HeartStart FRx Automated External Defibrillator (AED) in Dubai | UAE | Online","Buy Philips HeartStart FRx Automated External Defibrillator (AED) in Dubai | UAE | Online","","Health Monitoring | AED 8000 | out of stock","KEEP URL – clean product name (contains ""Buy … in Dubai | UAE | Online"")"
"product","https://medhub.ae/product/zoll-aed-plus-automated-external-defibrillator/","200","yes","yes","Buy Zoll AED Plus Automated External Defibrillator in Dubai | UAE | Online","Buy Zoll AED Plus Automated External Defibrillator in Dubai | UAE | Online","","Health Monitoring | AED 7200 | in stock","KEEP URL – clean product name (contains ""Buy … in Dubai | UAE | Online"")"
"product","https://medhub.ae/product/hydraulic-patient-transfer-commode-chair/","200","yes","yes","Buy Hydraulic Patient Transfer Commode Chair in Dubai | UAE | Online","Buy Hydraulic Patient Transfer Commode Chair in Dubai | UAE | Online","","Hospital Furniture | AED 3885 | out of stock","KEEP URL – clean product name (contains ""Buy … in Dubai | UAE | Online"")"
"product","https://medhub.ae/product/alerta-emerald-air-mattress-overlay-system/","200","yes","yes","Buy Alerta Emerald Air Mattress Overlay System in Dubai | UAE | Online","Buy Alerta Emerald Air Mattress Overlay System in Dubai | UAE | Online","","Hospital Furniture | AED 4620 | in stock","KEEP URL – clean product name (contains ""Buy … in Dubai | UAE | Online"")"
"product","https://medhub.ae/product/healthward-sectional-memory-foam-mattress/","200","yes","yes","Buy Healthward Sectional Memory Foam Mattress in Dubai | UAE | Online","Buy Healthward Sectional Memory Foam Mattress in Dubai | UAE | Online","","Hospital Furniture; Patient Bed | AED 787.5 | in stock","KEEP URL – clean product name (contains ""Buy … in Dubai | UAE | Online"")"
"product","https://medhub.ae/product/invacare-birdie-evo-180kg-patient-lifter-with-sling/","200","yes","yes","Buy Invacare Birdie Evo 180Kg Patient Lifter with Sling in Dubai | UAE | Online","Buy Invacare Birdie Evo 180Kg Patient Lifter with Sling in Dubai | UAE | Online","","Hospital Furniture | AED 6825 | out of stock","KEEP URL – clean product name (contains ""Buy … in Dubai | UAE | Online"")"
"product","https://medhub.ae/product/drive-devilbiss-wheeled-commode-chair-trs-130/","200","yes","yes","Buy Drive DeVilbiss Wheeled Commode Chair TRS 130 in Dubai | UAE | Online","Buy Drive DeVilbiss Wheeled Commode Chair TRS 130 in Dubai | UAE | Online","","Hospital Furniture | AED 787.5 | in stock","KEEP URL – clean product name (contains ""Buy … in Dubai | UAE | Online"")"
"product","https://medhub.ae/product/standard-wheelchair-manual/","200","yes","yes","Buy Standard Wheelchair Manual in Dubai | UAE | Online","Buy Standard Wheelchair Manual in Dubai | UAE | Online","","Hospital Furniture | AED 357 | out of stock","KEEP URL – clean product name (contains ""Buy … in Dubai | UAE | Online"")"
"product","https://medhub.ae/product/avanos-ballard-turbo-cleaning-closed-suction-system/","200","yes","yes","Avanos Ballard Turbo Cleaning Closed Suction System FR08","Avanos Ballard Turbo Cleaning Closed Suction System FR08","","Tracheostomy Care | AED 90 | in stock","KEEP URL"
"product","https://medhub.ae/product/romsons-catheter-mount/","200","yes","yes","Buy Romsons Catheter Mount in Dubai | UAE | Online","Buy Romsons Catheter Mount in Dubai | UAE | Online","","Tracheostomy Care; Ventilator Accessories | AED 100 | in stock","KEEP URL – clean product name (contains ""Buy … in Dubai | UAE | Online"")"
"product","https://medhub.ae/product/flexicare-thermotrach-tracheostomy-hme-with-vent-swivel-oxygen-port-2-1m-oxygen-tubing/","200","yes","yes","Flexicare ThermoTrach Tracheostomy HME with Vent Swivel Oxygen Port","Flexicare ThermoTrach Tracheostomy HME with Vent Swivel Oxygen Port","","Tracheostomy Care | AED 375 | in stock","KEEP URL"
"product","https://medhub.ae/product/portex-thermovent-t2-heat-moisture-exchanger/","200","yes","yes","Buy Portex Thermovent T2 Heat & Moisture Exchanger in Dubai | UAE | Online","Buy Portex Thermovent T2 Heat & Moisture Exchanger in Dubai | UAE | Online","","Tracheostomy Care | AED 800 | in stock","KEEP URL – clean product name (contains ""Buy … in Dubai | UAE | Online"")"
"product","https://medhub.ae/product/portex-thermovent-t-heat-moisture-exchanger/","200","yes","yes","Buy Portex Thermovent T Heat & Moisture Exchanger in Dubai | UAE | Online","Buy Portex Thermovent T Heat & Moisture Exchanger in Dubai | UAE | Online","","Tracheostomy Care | AED 600 | out of stock","KEEP URL – clean product name (contains ""Buy … in Dubai | UAE | Online"")"
"product","https://medhub.ae/product/flexicare-thermoshield-mini-viral-hme-filter-with-luer-port/","200","yes","yes","Buy Flexicare ThermoShield Mini Viral HME Filter with Luer Port in Dubai | UAE | Online","Buy Flexicare ThermoShield Mini Viral HME Filter with Luer Port in Dubai | UAE | Online","","Tracheostomy Care; Ventilator Accessories | AED 500 | in stock","KEEP URL – clean product name (contains ""Buy … in Dubai | UAE | Online"")"
"product","https://medhub.ae/product/pal-ultipor-breathing-circuit-filter/","200","yes","yes","Buy Pal Ultipor Breathing Circuit Filter in Dubai | UAE | Online","Buy Pal Ultipor Breathing Circuit Filter in Dubai | UAE | Online","","Ventilator Accessories | AED 24.15 | in stock","KEEP URL – clean product name (contains ""Buy … in Dubai | UAE | Online"")"
"product","https://medhub.ae/product/covidien-dar-adult-pediatric-electrostatic-filter-hme/","200","yes","yes","Buy Covidien DAR Adult-Pediatric Electrostatic Filter HME in Dubai | UAE | Online","Buy Covidien DAR Adult-Pediatric Electrostatic Filter HME in Dubai | UAE | Online","","Tracheostomy Care; Ventilator Accessories | AED 250 | in stock","KEEP URL – clean product name (contains ""Buy … in Dubai | UAE | Online"")"
"product","https://medhub.ae/product/covidien-shiley-speaking-valve/","200","yes","yes","Buy Covidien Shiley Speaking Valve in Dubai | UAE | Online","Buy Covidien Shiley Speaking Valve in Dubai | UAE | Online","","Tracheostomy Care | AED 225 | in stock","KEEP URL – clean product name (contains ""Buy … in Dubai | UAE | Online"")"
"product","https://medhub.ae/product/tracheostomy-adult-mask/","200","yes","yes","Buy Tracheostomy Adult Mask in Dubai | UAE | Online","Buy Tracheostomy Adult Mask in Dubai | UAE | Online","","Tracheostomy Care | AED 15 | out of stock","KEEP URL – clean product name (contains ""Buy … in Dubai | UAE | Online"")"
"product","https://medhub.ae/product/covidien-shiley-pediatric-tracheostomy-tube-cuffless-3-5pef/","200","yes","yes","Buy Covidien Shiley Pediatric Tracheostomy Tube Cuffless 3.5PEF in Dubai | UAE | Online","Buy Covidien Shiley Pediatric Tracheostomy Tube Cuffless 3.5PEF in Dubai | UAE | Online","","Tracheostomy Care | AED 475 | in stock","KEEP URL – clean product name (contains ""Buy … in Dubai | UAE | Online"")"
"product","https://medhub.ae/product/portex-blue-line-ultra-suctionaid-tracheostomy-tube-kit-100-870-085-copy/","200","yes","yes","Portex Blue Line Ultra Tube Kit Cuffed Fenestrated with Inner Cannula","Portex Blue Line Ultra Tube Kit Cuffed Fenestrated with Inner Cannula","","Tracheostomy Care | AED 350 | in stock","KEEP URL"
"product","https://medhub.ae/product/portex-blue-line-ultra-tracheostomy-tube-kit-100-810-070/","200","yes","yes","Portex Blue Line Ultra Tracheostomy Tube Kit 100/810/070","Portex Blue Line Ultra Tracheostomy Tube Kit 100/810/070","","Tracheostomy Care | AED 340 | in stock","KEEP URL"
"product","https://medhub.ae/product/portex-adult-size-tracheostomy-tube-holder/","200","yes","yes","Buy Portex Adult Size Tracheostomy Tube Holder in Dubai | UAE | Online","Buy Portex Adult Size Tracheostomy Tube Holder in Dubai | UAE | Online","","Tracheostomy Care | AED 12.5 | out of stock","KEEP URL – clean product name (contains ""Buy … in Dubai | UAE | Online"")"
"product","https://medhub.ae/product/medline-optifoam-basic-3x3/","200","yes","yes","Medline Optifoam Basic 3x3inch 10/Box","Medline Optifoam Basic 3x3inch 10/Box","","Tracheostomy Care | AED 140 | out of stock | Medline","KEEP URL"
"product","https://medhub.ae/product/medline-tracheostomy-care-kit/","200","yes","yes","Buy Medline Tracheostomy Care Kit in Dubai | UAE | Online","Buy Medline Tracheostomy Care Kit in Dubai | UAE | Online","","Tracheostomy Care | AED 15 | in stock","KEEP URL – clean product name (contains ""Buy … in Dubai | UAE | Online"")"
"product","https://medhub.ae/product/medline-tracheostomy-neckband-adult-20-box-2/","200","yes","yes","Medline Adult Tracheostomy Neckband 20/Box","Medline Adult Tracheostomy Neckband 20/Box","","Tracheostomy Care | AED 240 | out of stock","KEEP URL"
"product","https://medhub.ae/product/medline-tracheostomy-neckband-adult-20-box/","200","yes","yes","Medline Pediatric Tracheostomy Neckband 20/Box","Medline Pediatric Tracheostomy Neckband 20/Box","","Tracheostomy Care | AED 240 | out of stock","KEEP URL"
"product","https://medhub.ae/product/contec-ecg1200g-digital-12-channel-electrocardiograph/","200","yes","yes","Contec ECG1200G Digital 12 Channel Electrocardiograph","Contec ECG1200G Digital 12 Channel Electrocardiograph","","Electrocardiogram | AED 3800 | out of stock","KEEP URL"
"product","https://medhub.ae/product/contec-ecg600g-12-channel-electrocardiograph/","200","yes","yes","Contec ECG600G 6 Channel Electrocardiograph","Contec ECG600G 6 Channel Electrocardiograph","","Electrocardiogram | AED 3300 | out of stock","KEEP URL"
"product","https://medhub.ae/product/bionet-cardiotouch-3000-12-channel-ecg-machine/","200","yes","yes","Bionet CardioTouch 3000 12 Channel ECG Machine","Bionet CardioTouch 3000 12 Channel ECG Machine","","Electrocardiogram | AED 4900 | out of stock","KEEP URL"
"product","https://medhub.ae/product/y8y-multifunctional-electric-bed-healthward/","200","yes","yes","Healthward D8d 5 Function Electric Bed with Mattress","Healthward D8d 5 Function Electric Bed with Mattress","","Hospital Furniture; Patient Bed | AED 6405 | out of stock","KEEP URL"
"product","https://medhub.ae/product/mb446-eletcric-lovina-bed-4-motors/","200","yes","yes","Mark MB446 Eletcric Lovina Bed 4 Motors With Mattress","Mark MB446 Eletcric Lovina Bed 4 Motors With Mattress","","Hospital Furniture; Patient Bed | AED 6935 | in stock","KEEP URL"
"product","https://medhub.ae/product/v8v-multi-function-electric-icu-bed-healthward/","200","yes","yes","Healthward V8v Electric ICU Bed Premium Electric with Mattress","Healthward V8v Electric ICU Bed Premium Electric with Mattress","","Hospital Furniture; Patient Bed | AED 7560 | in stock","KEEP URL"
"product","https://medhub.ae/product/b6e-three-function-electric-bed-healthward/","200","yes","yes","Healthward V6v 3 Function Premium Electric Bed with Mattress","Healthward V6v 3 Function Premium Electric Bed with Mattress","","Hospital Furniture; Patient Bed | AED 5460 | in stock","KEEP URL"
"product","https://medhub.ae/product/dw-eb05-electric-5-function-bed/","200","yes","yes","DW-EB05 Electric 5 Function Bed","DW-EB05 Electric 5 Function Bed","","Hospital Furniture; Patient Bed | AED 4620 | in stock","KEEP URL"
"product","https://medhub.ae/product/dw-eb03-electric-3-function-bed/","200","yes","yes","DW-EB03 Electric 3 Function Bed","DW-EB03 Electric 3 Function Bed","","Hospital Furniture; Patient Bed | AED 4095 | in stock","KEEP URL"
"product","https://medhub.ae/product/masimo-rad-97-table-top-pulse-co-oximeter/","200","yes","yes","Masimo Rad-97 Table Top Pulse Co-Oximeter","Masimo Rad-97 Table Top Pulse Co-Oximeter","","Health Monitoring Pulse Oximeter | AED 7250 | in stock | Masimo","KEEP URL"
"product","https://medhub.ae/product/medical-econet-palmcare-pro-handheld-pulse-oximeter/","200","yes","yes","Medical Econet Palmcare Pro Handheld Pulse Oximeter","Medical Econet Palmcare Pro Handheld Pulse Oximeter","","Health Monitoring Pulse Oximeter | AED 2000 | out of stock","KEEP URL"
"product","https://medhub.ae/product/yonker-yk8000c-cardiac-patient-monitor/","200","yes","yes","Yonker YK8000C Cardiac Patient Monitor","Yonker YK8000C Cardiac Patient Monitor","","Health Monitoring; Patient Monitor | AED 1900 | in stock","KEEP URL"
"product","https://medhub.ae/product/medical-econet-m20-vital-sign-monitor/","200","yes","yes","Medical Econet M20 Vital Sign Monitor","Medical Econet M20 Vital Sign Monitor","","Health Monitoring; Vital Sign Monitor | AED 5200 | in stock | Medical Econet GmbH","KEEP URL"
"product","https://medhub.ae/product/medical-econet-m10-vital-sign-monitor/","200","yes","yes","Medical Econet M10 Vital Sign Monitor","Medical Econet M10 Vital Sign Monitor","","Health Monitoring; Vital Sign Monitor | AED 4800 | out of stock | Medical Econet GmbH","KEEP URL"
"product","https://medhub.ae/product/abbott-glucerna-1-2-cal-1000ml/","200","yes","yes","Abbott Glucerna 1.2 Cal 1000ml","Abbott Glucerna 1.2 Cal 1000ml","","Feeding Milk (Nutiricional Suppliment ) | AED 288 | in stock | Abbott","KEEP URL"
"product","https://medhub.ae/product/abbott-nepro-lp-vanilla-30x220ml/","200","yes","yes","Abbott Nepro LP Vanilla 30x220ml","Abbott Nepro LP Vanilla 30x220ml","","Feeding Milk (Nutiricional Suppliment ) | AED 378 | out of stock | Abbott","KEEP URL"
"product","https://medhub.ae/product/abbott-nepro-hp-vanilla-30x220ml/","200","yes","yes","Abbott Nepro HP Vanilla 30x220ml","Abbott Nepro HP Vanilla 30x220ml","","Feeding Milk (Nutiricional Suppliment ) | AED 378 | in stock","KEEP URL"
"product","https://medhub.ae/product/abbott-freego-feeding-set-s810/","200","yes","yes","Abbott FreeGo S810 Feeding Set","Abbott FreeGo S810 Feeding Set","","Feeding Pump Accessories | AED 55 | in stock","KEEP URL"
"product","https://medhub.ae/product/abbott-freego-feeding-set-s795/","200","yes","yes","Abbott FreeGo Feeding Set S795","Abbott FreeGo Feeding Set S795","","Feeding Pump Accessories | AED 45 | in stock","KEEP URL"
"product","https://medhub.ae/product/abbott-freego-feeding-set-s790/","200","yes","yes","Abbott FreeGo Feeding Set S790","Abbott FreeGo Feeding Set S790","","Feeding Pump Accessories | AED 32 | in stock | Abbott","KEEP URL"
"product","https://medhub.ae/product/kangaroo-flush-feed-single-feeding-bag/","200","yes","yes","Kangaroo Flush & Feed Single Feeding Bag","Kangaroo Flush & Feed Single Feeding Bag","","Feeding Pump Accessories | AED 65 | in stock","KEEP URL"
"product","https://medhub.ae/product/kangaroo-flush-feed-dual-feeding-bag/","200","yes","yes","Kangaroo Feeding Set 1000ml Feed & 1000ml Flush Bags","Kangaroo Feeding Set 1000ml Feed & 1000ml Flush Bags","","Feeding Pump Accessories | AED 80 | in stock","KEEP URL"
"product","https://medhub.ae/product/abbott-freego-feeding-pump/","200","yes","yes","Abbott FreeGo Feeding Pump","Abbott FreeGo Feeding Pump","","Feeding Pump | AED 4250 | in stock | Abbott","KEEP URL"
"product","https://medhub.ae/product/covidien-kangaroo-epump-enteral-feeding-pump/","200","yes","yes","Covidien Kangaroo Epump Enteral Feeding Pump","Covidien Kangaroo Epump Enteral Feeding Pump","","Feeding Pump | AED 8000 | in stock","KEEP URL"
"product","https://medhub.ae/product/flaem-aspira-go-30-lpm-portable-aspirator/","200","yes","yes","Flaem Aspira Go 30 LPM Portable Aspirator","Flaem Aspira Go 30 LPM Portable Aspirator","","Suction Machine | AED 2100 | out of stock","KEEP URL"
"product","https://medhub.ae/product/flaem-aspira-go-20-lpm-portable-aspirator/","200","yes","yes","Flaem Aspira Go 20 LPM Portable Aspirator","Flaem Aspira Go 20 LPM Portable Aspirator","","Suction Machine | AED 0 | in stock","KEEP URL"
"product","https://medhub.ae/product/devilbiss-7325p-ur-vacu-aide-suction-machine/","200","yes","yes","Drive DeVilbiss 7325P-U Vacu-Aide Suction Unit","Drive DeVilbiss 7325P-U Vacu-Aide Suction Unit","","Suction Machine | AED 2250 | in stock","KEEP URL"
"product","https://medhub.ae/product/hamilton-bc8022-adult-dual-limb-breathing-set/","200","yes","yes","Hamilton BC8022 Adult Dual Limb Breathing Set","Hamilton BC8022 Adult Dual Limb Breathing Set","","Ventilator Accessories | AED 450 | in stock","KEEP URL"
"product","https://medhub.ae/product/hamilton-bc8010-infant-dual-limb-breathing-set/","200","yes","yes","Hamilton BC8010 Infant Dual Limb Breathing Set","Hamilton BC8010 Infant Dual Limb Breathing Set","","Ventilator Accessories | AED 450 | in stock","KEEP URL"
"product","https://medhub.ae/product/hamilton-h900-humidifier-for-ventilator/","200","yes","yes","Hamilton H900 Humidifier for Ventilator","Hamilton H900 Humidifier for Ventilator","","Ventilator Accessories | AED 7000 | in stock","KEEP URL"
"product","https://medhub.ae/product/humidifier-bottle-connector/","200","yes","yes","Humidifier Bottle Connector","Humidifier Bottle Connector","","Oxygen Concentrator Accessories | AED 60 | in stock","KEEP URL"
"product","https://medhub.ae/product/hsnier-humidifier-bottle/","200","yes","yes","Hsnier Humidifier Bottle 4 Pcs","Hsnier Humidifier Bottle 4 Pcs","","Oxygen Concentrator Accessories | AED 100 | in stock","KEEP URL"
"product","https://medhub.ae/product/oxygen-nasal-cannula/","200","yes","yes","Oxygen Nasal Cannula 10Pcs","Oxygen Nasal Cannula 10Pcs","","Oxygen Concentrator Accessories | AED 75 | in stock","KEEP URL"
"product","https://medhub.ae/product/inogen-g5-portable-oxygen-concentrator-with-16cell-battery-2/","200","yes","yes","Inogen G5 Portable Oxygen Concentrator","Inogen G5 Portable Oxygen Concentrator","","Oxygen Therapy; Portable Oxygen Concentrator | AED 10600 | out of stock | Inogen","KEEP URL"
"product","https://medhub.ae/product/medistrom-pilot-24-lite-cpap-travel-battery/","200","yes","yes","Medistrom Pilot Flex CPAP Battery Backup Power Supply","Medistrom Pilot Flex CPAP Battery Backup Power Supply","","CPAP/BiPAP Accessories | AED 2000 | in stock | Choice One Medical","KEEP URL"
"product","https://medhub.ae/product/purslim-cpap-hosepipe/","200","yes","yes","Purdoux PurSlim Slimline CPAP Hosepipe","Purdoux PurSlim Slimline CPAP Hosepipe","","CPAP/BiPAP Accessories | AED 150 | in stock | Purdoux/ResMed","KEEP URL"
"product","https://medhub.ae/product/resmed-airmini-disposable-filter-for-travel-cpap/","200","yes","yes","PURDOUX CPAP Filters for ResMed AirMini Devices","PURDOUX CPAP Filters for ResMed AirMini Devices","","CPAP/BiPAP Accessories | AED 100 | in stock | Purdoux","KEEP URL"
"product","https://medhub.ae/product/resmed-humidair-humidifier/","200","yes","yes","ResMed HumidAir Humidifier","ResMed HumidAir Humidifier","","CPAP/BiPAP Accessories | AED 400 | in stock | ResMed","KEEP URL"
"product","https://medhub.ae/product/resmed-airsense-s9-s10-filter-pack-of-3/","200","yes","yes","Purdoux Airsense S9/S10 Filter Pack of 3","Purdoux Airsense S9/S10 Filter Pack of 3","","CPAP/BiPAP Accessories | AED 120 | in stock | Purdoux","KEEP URL"
"product","https://medhub.ae/product/fully-electric-bed-5-function-homecare-bed-rental/","200","yes","yes","Rent a Fully Electric Bed Homecare Per Month","Rent a Fully Electric Bed Homecare Per Month","","Rental | AED 900 | out of stock","KEEP URL"
"product","https://medhub.ae/product/3-function-electrical-bed/","200","yes","yes","Rent a 3 Function Electrical Bed Per Month","Rent a 3 Function Electrical Bed Per Month","","Rental | AED 0 | out of stock","KEEP URL"
"product","https://medhub.ae/product/infusion-pump-bys-820-series-rental/","200","yes","yes","Infusion pump BYS-820 series (Rental)","Infusion pump BYS-820 series (Rental)","","Rental | AED 600 | in stock","KEEP URL"
"product","https://medhub.ae/product/syringe-pump-hp-30-rental/","200","yes","yes","Syringe pump Medcaptain HP-30 (Rental)","Syringe pump Medcaptain HP-30 (Rental)","","Rental | AED 0 | in stock","KEEP URL"
"product","https://medhub.ae/product/portable-suction-machine-with-battery-vacuaide-qsu-drive-devilbiss-rental/","200","yes","yes","Portable Suction Machine (VacuAide QSU) – Drive Devilbiss (Rental Per Month)","Portable Suction Machine (VacuAide QSU) – Drive Devilbiss (Rental Per Month)","","Rental | AED 0 | in stock","KEEP URL"
"product","https://medhub.ae/product/kangaroo-enteral-feeding-pump-rental/","200","yes","yes","ENTERAL FEEDING PUMP (Rental Per Month)","ENTERAL FEEDING PUMP (Rental Per Month)","","Rental | AED 750 | in stock","KEEP URL"
"product","https://medhub.ae/product/yk-8000c-patient-bedside-monitor-rental/","200","yes","yes","YK-8000C Patient Bedside Monitor (Rental Per Month)","YK-8000C Patient Bedside Monitor (Rental Per Month)","","Rental | AED 750 | in stock","KEEP URL"
"product","https://medhub.ae/product/medical-econet-m10-vital-sign-monitor-rental/","200","yes","yes","Rent a Vital Sign Monitor Per Month","Rent a Vital Sign Monitor Per Month","","Rental | AED 900 | in stock","KEEP URL"
"product","https://medhub.ae/product/oxygen-cylinder-in-dubai/","200","yes","yes","Alunimum Oxygen Cylinder 10 Litre with Trolley (Rental Per Month)","Alunimum Oxygen Cylinder 10 Litre with Trolley (Rental Per Month)","","Rental | AED 450 | in stock","KEEP URL"
"product","https://medhub.ae/product/inogen-g5-portable-oxygen-concentrator-with-16cell-battery-rental/","200","yes","yes","Rental Portable Oxygen Concentrator (Per Month)","Rental Portable Oxygen Concentrator (Per Month)","","Rental | AED 2000 | in stock","KEEP URL"
"product","https://medhub.ae/product/devilbiss-compact-1025-10-ltr-oxygen-concentrator-rental/","200","yes","yes","DeVilbiss Compact 1025 10 Ltr Oxygen Concentrator (Rent Per Month)","DeVilbiss Compact 1025 10 Ltr Oxygen Concentrator (Rent Per Month)","","Rental | AED 850 | in stock","KEEP URL"
"product","https://medhub.ae/product/philips-everflo-5-ltr-oxygen-concentrator-rental/","200","yes","yes","Philips Everflo 5 Ltr Oxygen Concentrator (Rental Per Month)","Philips Everflo 5 Ltr Oxygen Concentrator (Rental Per Month)","","Rental | AED 500 | in stock","KEEP URL"
"product","https://medhub.ae/product/resmed-airsense-10-autoset-with-heated-humidifier-and-mask-rental/","200","yes","yes","Auto CPAP Machine with Humidifier (Rent Per Month)","Auto CPAP Machine with Humidifier (Rent Per Month)","","Rental | AED 550 | in stock","KEEP URL"
"product","https://medhub.ae/product/portable-oxygen-machine-uae/","200","yes","yes","O2 Concept Oxy-life Independence Portable Oxygen Concentrator","O2 Concept Oxy-life Independence Portable Oxygen Concentrator","","Oxygen Therapy; Portable Oxygen Concentrator | AED 9999 | in stock","KEEP URL"
"product","https://medhub.ae/product/oxy-pure-5-ltr-oxygen-concentrator/","200","yes","yes","Oxy Pure 5 Ltr Oxygen Concentrator","Oxy Pure 5 Ltr Oxygen Concentrator","","Oxygen Concentrator; Oxygen Therapy | AED 2700 | in stock","KEEP URL"
"product","https://medhub.ae/product/devilbiss-compact-525-5-ltr-oxygen-concentrator/","200","yes","yes","DeVilbiss Compact 525 5 Ltr Oxygen Concentrator","DeVilbiss Compact 525 5 Ltr Oxygen Concentrator","","Oxygen Concentrator; Oxygen Therapy | AED 3350 | in stock","KEEP URL"
"product","https://medhub.ae/product/philips-respironics-fitlife-total-face-cpap-mask-with-head-gear/","200","yes","yes","Philips Respironics FitLife Total Face CPAP Mask with Head Gear","Philips Respironics FitLife Total Face CPAP Mask with Head Gear","","CPAP/BiPAP Masks | AED 1250 | in stock","KEEP URL"
"product","https://medhub.ae/product/philips-dreamwear-nasal-mask/","200","yes","yes","Philips Dreamwear Nasal Mask","Philips Dreamwear Nasal Mask","","CPAP/BiPAP Masks | AED 750 | out of stock","KEEP URL"
"product","https://medhub.ae/product/philips-dreamwear-full-face-mask/","200","yes","yes","Philips Dreamwear Full Face Mask","Philips Dreamwear Full Face Mask","","CPAP/BiPAP Masks | AED 700 | out of stock","KEEP URL"
"product","https://medhub.ae/product/resmed-airfit-n30i-nasal-pillow-mask/","200","yes","yes","Resmed Airfit N30i Nasal Pillow Mask","Resmed Airfit N30i Nasal Pillow Mask","","CPAP/BiPAP Masks | AED 750 | in stock | ResMed","KEEP URL"
"product","https://medhub.ae/product/resmed-airfit-n30-nasal-mask/","200","yes","yes","Resmed Airfit N30 Nasal Mask","Resmed Airfit N30 Nasal Mask","","CPAP/BiPAP Masks | AED 750 | in stock | ResMed","KEEP URL"
"product","https://medhub.ae/product/resmed-airfit-n20-nasal-mask/","200","yes","yes","Resmed Airfit N20 Nasal Mask","Resmed Airfit N20 Nasal Mask","","CPAP/BiPAP Masks | AED 700 | in stock | ResMed","KEEP URL"
"product","https://medhub.ae/product/resmed-airfit-f30i-full-face-mask/","200","yes","yes","Resmed Airfit F30i Full Face Mask","Resmed Airfit F30i Full Face Mask","","CPAP/BiPAP Masks | AED 750 | in stock | ResMed","KEEP URL"
"product","https://medhub.ae/product/resmed-airfit-f20-full-face-mask/","200","yes","yes","Resmed Airfit F20 Full Face Mask","Resmed Airfit F20 Full Face Mask","","CPAP/BiPAP Masks | AED 700 | in stock | ResMed","KEEP URL"
"product","https://medhub.ae/product/philips-wisp-pediatric-nasal-mask/","200","yes","yes","Philips Wisp Pediatric Nasal Mask","Philips Wisp Pediatric Nasal Mask","","CPAP/BiPAP Masks | AED 750 | out of stock","KEEP URL"
"product","https://medhub.ae/product/philips-respironics-amara-silicon-full-face-mask/","200","yes","yes","Philips Respironics Amara Silicon Full Face Mask","Philips Respironics Amara Silicon Full Face Mask","","CPAP/BiPAP Masks | AED 800 | in stock","KEEP URL"
"product","https://medhub.ae/product/philips-respironics-wisp-nasal-mask/","200","yes","yes","Philips Respironics Wisp Nasal Mask","Philips Respironics Wisp Nasal Mask","","CPAP/BiPAP Masks | AED 700 | in stock","KEEP URL"
"product","https://medhub.ae/product/philips-amara-gel-full-face-mask/","200","yes","yes","Philips Amara Gel Full Face Mask","Philips Amara Gel Full Face Mask","","CPAP/BiPAP Masks | AED 800 | out of stock","KEEP URL"
"product","https://medhub.ae/product/philips-amara-view-full-face-mask/","200","yes","yes","Philips Amara View Full Face Mask","Philips Amara View Full Face Mask","","CPAP/BiPAP Masks | AED 750 | out of stock","KEEP URL"
"product","https://medhub.ae/product/bipap-uae-philips-dreamstation-avaps-st/","200","yes","yes","Philips DreamStation BiPAP AVAPS ST with Humidifier & Mask","Philips DreamStation BiPAP AVAPS ST with Humidifier & Mask","","BiPAP in Dubai | AED 9500 | in stock","KEEP URL"
"product","https://medhub.ae/product/bmc-resmart-g2s-b25vt-bipap-st-with-humidifier-mask/","200","yes","yes","BMC G2S B30VT BiPAP ST with Humidifier & Mask","BMC G2S B30VT BiPAP ST with Humidifier & Mask","","BiPAP in Dubai | AED 3800 | in stock","KEEP URL"
"product","https://medhub.ae/product/resmed-lumis-150-vpap-st-with-humidifier-mask/","200","yes","yes","ResMed Lumis 150 VPAP ST with Humidifier & Mask","ResMed Lumis 150 VPAP ST with Humidifier & Mask","","BiPAP in Dubai | AED 9000 | in stock | ResMed","KEEP URL"
"product","https://medhub.ae/product/bmc-resmart-g2s-auto-bipap-with-humidifier-mask/","200","yes","yes","BMC RESmart G2S Auto BiPAP with Humidifier & Mask","BMC RESmart G2S Auto BiPAP with Humidifier & Mask","","Auto BiPAP | AED 3800 | out of stock","KEEP URL"
"product","https://medhub.ae/product/bmc-m1-mini-portable-auto-cpap-system/","200","yes","yes","BMC M1 Mini Portable Auto CPAP System","BMC M1 Mini Portable Auto CPAP System","","CPAP; Travel CPAP | AED 3900 | in stock","KEEP URL"
"product","https://medhub.ae/product/the-resmart-g2s-a20/","200","yes","yes","The RESmart G2S A20 Auto CPAP with Humidifier & Mask","The RESmart G2S A20 Auto CPAP with Humidifier & Mask","","Auto CPAP; CPAP | AED 2600 | in stock","KEEP URL"
"product","https://medhub.ae/product/philips-dreamstation-auto-cpap-with-heated-humidifier-and-mask/","200","yes","yes","Philips DreamStation Auto CPAP with Heated Humidifier and Mask","Philips DreamStation Auto CPAP with Heated Humidifier and Mask","","Auto CPAP | AED 4000 | in stock","KEEP URL"